Unnamed: 0,session_user,department,division,title,last_day_of_work
0,harika.pedapudi@anblicks.com,delivery,Hackathon,jr data engineer,2024-07-04
1,navya.chalapati@anblicks.com,delivery,hackathon,jr data engineer,2040-07-04  
2,amij.patel@anblicks.com,line of business,project,chief operation officer,2040-07-04  
3,aayushi.soni@anblicks.com,operations,project,manager,2040-07-04  
4,ayeshashaik@anblicks.com,operations,project,contractor,2040-07-04  
5,krunal.vyas@anblicks.com,sales & marketing,project,sr executive,2040-07-04  
6,dhamodharan.balamani@anblicks.com,innovations,project,Data engineer architect, 2040-07-04  
7,avadh.patel@anblicks.com,delivery,project,jr devops engineer,2040-07-04  
8,aneneosa.isichei@anblicks.com,operations,project,HR Coordinator,2040-07-04  
9,anita.anderson@anblicks.com,sales & marketing,project,consultant,2040-07-04  
10,madhu@anblicks.com,sales & marketing,project,vice president,2040-07-04  
11,swetha.appisetty@anblicks.com,delivery,Hackathon,junior data engineer,2040-07-04  
12,avesh.karre@anblicks.com,delivery,Hackathon,associate sr data engineer,2040-07-04  
13,abhishek.singh@anblicks.com,operations,project,vice president,2040-07-04  
14,anand.k@anblicks.com,operations,project,executive,2040-07-04  
15,saikiran.b@anblicks.com,sales & marketing,project,sr executive,2040-07-04  
16,mujtaba@anblicks.com,operations,project,associate manager,2040-07-04  
17,fayaz@anblicks.com,operations,project,manager,2040-07-04  
18,devisri.desu@anblicks.com,delivery,project,junior devops engineer,2040-07-04  
20,saiakhil.gollamudi@anblicks.com,delivery,project,data engineer,2040-07-04  
21,lalitha.ginjupalli@anblicks.com,operations,project,associate manager,2040-07-04  
22,komal.saini@anblicks.com,sales & marketing,project,manager,2040-07-04  
23,amit@anblicks.com,sales & marketing, project,head(sales),2040-07-04  
24,reethika.kolusu@anblicks.com,delivery,Hackathon,jr data engineer, 2040-07-04  
25,kavyasree.kommaraju@anblicks.com,delivery,Hackathon,jr data engineer,2040-07-04  
26,keerthana.medakayala@anblicks.com,delivery,Hackathon,jr data engineer,2040-07-04  
27,jyothi.vuyyuru@anblicks.com,delivery,Hackathon,jr data engineer,2040-07-04  
28,ganeshkasyap.movva@anblicks.com,delivery,Hackathon,jr data engineer,2040-07-04  
29,rohith.velpula@anblicks.com,delivery,Hackathon,jr data engineer,2040-07-04  
30,naveen.bandaru@anblicks.com,delivery,Hackathon,jr data engineer,2040-07-04  
31,divya.gunde@anblicks.com,delivery,project,jr software engineer,2040-07-04  
32,likhitha.sunkara@anblicks.com,delivery,project,jr software engineer,2040-07-04  
33,tejaprasad.pampana@anblicks.com,delivery,project,associate it engineer,2040-07-04  
34,ashish.vanjarapu@anblicks.com,delivery,project,associate quality analyst,2040-07-04  
35,sana.shaik@anblicks.com,delivery,project,associate devops engineer,2040-07-04  
36,bhargavi.gogulamudi@anblicks.com,delivery,project,associate data engineer,2040-07-04  
37,nishilatha.kaile@anblicks.com,delivery,project,jr software engineer,2040-07-04  
38,ashok.pothureddy@anblicks.com,delivery,project,sr quality analyst,2040-07-04  
39,nishant.shah@anblicks.com,delivery,project,lead software engineer,2040-07-04  
40,devang.patel@anblicks.com,delivery,project,sr data engineer,2040-07-04  
41,manoj.kumar@anblicks.com,delivery,project,sr data engineer,2040-07-04  
42,gowtham.voruganti@anblicks.com,delivery,project,managing director,2040-07-04  
43,swetha.s@anblicks.com,delivery,project,associate manager,2040-07-04  
44,pranshu.joshi@anblicks.com,delivery,project,jr data engineer,2040-07-04  
45,harihara.b@anblicks.com,delivery,project,data scientist,2040-07-04  
46,kotapati.saitha@anblicks.com,delivery,project,jr data engineer,2040-07-04  
47,rasi.konatham@anblicks.com,delivery,project,jr data engineer,2040-07-04  
48,ganesh.kancharla@anblicks.com,delivery,project,jr data engineer,2040-07-04  
49,samir.bhatt@anblicks.com,innovations,project,Vice president,2040-07-04  
50,jaydeep.panchal@anblicks.com,delivery,project,software engineer,2040-07-04  
51,pathik.vora@anblicks.com,delivery,project,sr software engineer,2040-07-04  
52,munwar@anblicks.com,innovations,project,cheif technology officer,2040-07-04  
53,abishek.kunduru@anblicks.com,delivery,project,managing director-delivery,2040-07-04  
54,lalitha.nasina@anblicks.com,delivery,project,associate data engineer,2040-07-04  
55,dinesh.radadiya@anblicks.com,delivery,project,lead software engineer,2040-07-04  
56,sandeep.nidumukkala@anblicks.com,delivery,project,data engineer,2040-07-04  
57,pavankumar.vemula@anblicks.com,delivery,project,data engineer,2040-07-04  
58,gaurav.patel@anblicks.com,delivery,project,lead devops engineer,2040-07-04  
59,geetanjali.dash@anblicks.com,delivery,project,lead data engineer,2040-07-04  
60,wasimuddin.shaikh@anblicks.com,delivery,project,lead software engineer,2040-07-04  
61,jhanvi.makwana@anblicks.com,,,,
62,bayya.vuragayala@anblicks.com,delivery,project,associate sr quality analyst,2040-07-04  
63,harshad.chhaiya@anblicks.com,delivery,project,associate sr software engineer,2040-07-04  
64,ronak.parekh@anblicks.com,delivery,hackathon,jr devops engineer,2040-07-04  
65,sajja.ratnasravya@anblicks.com,delivery,project,associate data scientist,2040-07-04  
66,praveen@anblicks.com,delivery,hackathon,delivery head,2040-07-04  
67,vijay.diwakar@anblicks.com,delivery,project,lead software engineer,2040-07-04  
68,sukhjeet.singh@anblicks.com,sales & marketing, project,head(sales),2040-07-04  
69,naveen.regula@anblicks.com,delivery,project,lead business analyst,2040-07-04  
70,manish.gupta@anblicks.com,delivery,hackathon,associate sr software engineer,2040-07-04  
71,anand.maheshwari@anblicks.com,delivery,hackathon,software engineer,2040-07-04  
72,vinit.prajapati@anblicks.com,delivery,project,principal software engineer,2040-07-04  
73,ankit.patel@anblicks.com,delivery,project,lead software engineer,2040-07-04  
74,chitrang.modi@anblicks.com,delivery,hackathon,sr quality analyst,2040-07-04  
75,siddhi.thakkar@anblicks.com,delivery,project,associate sr qaulity analyst,2040-07-04  
76,vinay.gundavaram@anblicks.com,delivery,project,principal software engineer,2040-07-04  
77,parth.ghiya@anblicks.com,delivery,hackathon,lead software engineer,2040-07-04  
78,dilip.rajpurohit@anblicks.com,sales & marketing, project,vice president,2040-07-04  
79,bhavin.bhavsar@anblicks.com,delivery,project,software engineer,2040-07-04  
80,manish.shrivastav@anblicks.com,delivery,project,associate quality analyst,2040-07-04  
81,govind.singh@anblicks.com,delivery,project,sr software engineer,2040-07-04  
82,jatin.patel@anblicks.com,delivery,hackathon,sr software engineer,2040-07-04  
83,dhruvi.sheladiya@anblicks.com,delivery,hackathon,software engineer,2040-07-04  
84,sandip.mehta@anblicks.com,delivery,hackathon,lead quality analyst,2040-07-04  
85,priyank.patel@anblicks.com,delivery,project,sr quality analyst,2040-07-04  
86,mamta.prajapati@anblicks.com,delivery,project,associate software engineer,2040-07-04  
87,farooq.md@anblicks.com,delivery,hackathon,associate sr quality analyst,2040-07-04  
88,purvesh.kachhiya@anblicks.com,delivery,project,software engineer,2040-07-04  
89,abhilash.p@anblicks.com,delivery,project,lead data engineer,2040-07-04  
90,jayesh.prajapati@anblicks.com,delivery,hackathon,director-delivery,2040-07-04  
91,nikunj.kasodariya@anblicks.com,delivery,project,associate engineer,2040-07-04  
92,tarun.patel@anblicks.com,delivery,hackathon,jr software engineer,2040-07-04  
93,chamundeswar.b@anblicks.com,delivery,project,lead quality analyst,2040-07-04  
94,shabbir.challawala@anblicks.com,delivery,hackathon,lead software engineer,2040-07-04  
95,vishal.sheladiya@anblicks.com,delivery,project,sr software engineer,2040-07-04  
96,mohammad.dhanpurwala@anblicks.com,delivery,hackathon,associate software engineer,2040-07-04  
97,albert.manoj@anblicks.com,delivery,project,associate software engineer,2040-07-04  
98,chintan.gajjar@anblicks.com,delivery,project,lead software engineer,2040-07-04  
99,sudha.pattigudi@anblicks.com,delivery,hackathon,sr quality analyst,2040-07-04  
100,esubabu.tibirisetti@anblicks.com,,,,
101,gnanasirisha.v@anblicks.com,delivery,project,associate data engineer,2040-07-04  
102,vaibhavi.ghore@anblicks.com,delivery,project,associate software engineer,2040-07-04  
103,raja.seeni@anblicks.com,delivery,project,software engineer,2040-07-04  
104,rakesh.gupta@anblicks.com,delivery,project,delivery head,2040-07-04  
105,nikhil.khasatiya@anblicks.com,delivery,project,associate software engineer,2040-07-04  
106,satish.raghuwanshi@anblicks.com,,,,
107,mitesh.gajjar@anblicks.com,delivery,hackathon,principal software engineer engineer,2040-07-04  
108,nagakumar.m@anblicks.com,delivery,project,principal software engineer,2040-07-04  
109,bansilal.keloth@anblicks.com,delivery,project,sr data engineer,2040-07-04  
110,jaydeep.munjapara@anblicks.com,delivery,project,sr UX Designer,2040-07-04  
111,nikunj.ranpura@anblicks.com,delivery,project,lead devops engineer,2040-07-04  
112,vipul.patel@anblicks.com,delivery,project,sr software engineer,2040-07-04  
113,jaimin.patel@anblicks.com,delivery,project,sr software engineer,2040-07-04  
114,ronak.padhya@anblicks.com,delivery,project,lead devops engineer,2040-07-04  
115,nilesh.jain@anblicks.com,delivery,project,principal UX Designer,2040-07-04  
116,hardik.sanghani@anblicks.com,delivery,project,associate sr software engineer,2040-07-04  
117,yogesh.kumbhare@anblicks.com,delivery,project,associate quality analyst,2040-07-04  
118,kalyani.bhumireddy@anblicks.com,delivery,project,lead data engineer,2040-07-04  
119,dileep.peddineni@anblicks.com,delivery,project,sr software engineer,2040-07-04  
120,naveed.mf@anblicks.com,delivery,hackathon,solution architect,2040-07-04  
121,pooja.shah@anblicks.com,delivery,hackathon,principal business analyst,2040-07-04  
122,krunal.patel@anblicks.com,delivery,project,principal software engineer,2040-07-04  
123,hemasri.edupuganti@anblicks.com,delivery,hackathon,data engineer,2040-07-04  
124,deepika.mudiyala@anblicks.com,delivery,hackathon,data engineer,2040-07-04  
125,jhansi.kandanathi@anblicks.com,delivery,project,associate data engineer,2040-07-04  
126,pratham.vijayvargiya@anblicks.com,delivery,project,jr software engineer,2040-07-04  
127,vicky.panwala@anblicks.com,delivery,project,associate sr software engineer,2040-07-04  
128,chandni.patel@anblicks.com,delivery,project,associate sr software engineer,2040-07-04  
129,santosh.yadav@anblicks.com,delivery,project,sr software engineer,2040-07-04  
130,jyostna.jaladi@anblicks.com,delivery,project,associate software engineer,2040-07-04  
131,maqboolahamed.momin@anblicks.com,delivery,hackathon,data engineer,2040-07-04  
132,hemant.nag@anblicks.com,delivery,hackathon,director-delivery,2040-07-04  
133,prashanth.m@anblicks.com,,,,
134,chandrashekarreddy.genupula@anblicks.com,delivery,project,sr data engineer,2040-07-04  
135,abhishek.makhija@anblicks.com,delivery,project,data engineer,2040-07-04  
136,shivam.shah@anblicks.com,delivery,project,associate software engineer,2040-07-04  
137,durgavikesh.pulapa@anblicks.com,delivery,project,software engineer,2040-07-04  
138,kumar@anblicks.com,management,project,CEO,2040-07-04  
139,prasanna.alluri@anblicks.com,delivery,project,sr software engineer,2040-07-04  
140,shalini.parisi@anblicks.com,delivery,project,associate data engineer,2040-07-04  
142,vikas.karekannapla@anblicks.com,delivery,project,lead quality analyst,2040-07-04  
143,bharath.pogula@anblicks.com,delivery,hackathon,sr data engineer,2040-07-04  
144,kiran.kotha@anblicks.com,delivery,hackathon,sr software engineer,2040-07-04  
145,vishal.rami@anblicks.com,delivery,hackathon,software engineer,2040-07-04  
146,jignesh.gajjar@anblicks.com,delivery,hackathon,sr UX Designer,2040-07-04  
147,satyapriya.mohanty@anblicks.com,delivery,hackathon,associate sr quality analyst,2040-07-04  
148,uday.muppa@anblicks.com,delivery,project,data engineer,2040-07-04  
149,ashish.shah@anblicks.com,delivery,project,cheif delivery officer,2040-07-04  
150,krishnababu.chereddy@anblicks.com,delivery,project,contractor,2040-07-04  
151,sireesha.alavala@anblicks.com,delivery,project,associate data engineer,2040-07-04  
152,nimesh.prajapati@anblicks.com,delivery,hackathon,lead quality analyst,2040-07-04  
153,monal.patel@anblicks.com,delivery,hackathon,associate sr software engineer,2040-07-04  
154,arjun.g@anblicks.com,delivery,hackathon,lead data scientist,2040-07-04  
155,praveenkumar.macha@anblicks.com,delivery,hackathon,associate data engineer,2040-07-04  
156,rinku.gohel@anblicks.com,delivery,project,software engineer,2040-07-04  
157,deval.kapadia@anblicks.com,delivery,project,sr UX Designer,2040-07-04  
158,omsai.kandregula@anblicks.com,,,,
159,fazal.babaria@anblicks.com,delivery,hackathon,associate software engineer,2040-07-04  
160,rithesh.gummerla@anblicks.com,delivery,project,software engineer,2040-07-04  
161,shalinee.tawar@anblicks.com,delivery,project,sr software engineer,2040-07-04  
162,khushbu.patel@anblicks.com,delivery,project,sr software engineer,2040-07-04  
163,deep.santoki@anblicks.com,delivery,project,software engineer,2040-07-04  
164,kuldeep.panchal@anblicks.com,delivery,project,software engineer,2040-07-04  
165,sheetal.chandane@anblicks.com,delivery,hackathon,sr business analyst,2040-07-04  
166,muddasir.h@anblicks.com,delivery,hackathon,sr data scientist,2040-07-04  
167,hemal.patel@anblicks.com,delivery,project,associate sr software engineer,2040-07-04  
168,munindra.ck@anblicks.com,delivery,project,lead software engineer,2040-07-04  
169,pujitha.katuru@anblicks.com,delivery,project,data engineer,2040-07-04  
170,janvi.bharadiya@anblicks.com,delivery,project,associate software engineer,2040-07-04  
171,renu.kumari@anblicks.com,delivery,project,software engineer,2040-07-04  
172,harsh.soni@anblicks.com,delivery,project,associate sr software engineer,2040-07-04  
173,karthikeyan.jaganathan@anblicks.com,,,,
174,francis.mbunya@anblicks.com,,,,
175,venkatsai.erram@anblicks.com,delivery,project,quality analyst,2040-07-04  
176,nirva.sangani@anblicks.com,delivery,project,jr software engineer,2040-07-04  
177,mansi.dobariya@anblicks.com,delivery,project,jr software engineer,2040-07-04  
178,pinkesh.kothari@anblicks.com,delivery,project,jr devops engineer engineer,2040-07-04  
179,mounika.mokkapati@anblicks.com,delivery,project,associate data engineer,2040-07-04  
180,pavan.s@anblicks.com,delivery,project,director-delivery,2040-07-04  
181,chandrareddy.athmakur@anblicks.com,delivery,project,software engineer,2040-07-04  
182,ganeshcharan.p@anblicks.com,delivery,project,data engineer,2040-07-04  
183,manasa.jonnadula@anblicks.com,delivery,project,associate data scientist,2040-07-04  
184,narayanarao.ponnam@anblicks.com,,,,
185,sumit.kumar@anblicks.com,delivery,hackathon,lead software engineer,2040-07-04  
186,anjaneyulu.m@anblicks.com,delivery,project,sr quality analyst,2040-07-04  
187,ish.lavingia@anblicks.com,delivery,project,associate software engineer,2040-07-04  
188,swetha.cherukupalli@anblicks.com,delivery,project,associate sr business analyst,2040-07-04  
189,krupal.khatri@anblicks.com,delivery,project,senior UX engineer,2040-07-04  
190,riddhi.patel@anblicks.com,delivery,project,data engineer,2040-07-04  
191,raini.desai@anblicks.com,delivery,project,quality analyst,2040-07-04  
192,himanshu.rawani@anblicks.com,,,,
193,g.krishna@anblicks.com,delivery,project,sr UX Designer,2040-07-04  
194,miti.patel@anblicks.com,delivery,hackathon,data engineer,2040-07-04  
195,arkan.malek@anblicks.com,delivery,project,associate software engineer,2040-07-04  
196,hitesh.tank@anblicks.com,delivery,project,sr software engineer,2040-07-04  
197,saikiran.p@anblicks.com,delivery,project,lead data engineer,2040-07-04  
198,mounika.koduru@anblicks.com,delivery,project,associate data engineer,2040-07-04  
199,montej.shah@anblicks.com,delivery,project,sr software engineer,2040-07-04  
200,arunkumar.k@anblicks.com,,,,
201,darshan.solanki@anblicks.com,delivery,project,jr devops engineer,2040-07-04  
202,jaitun.garish@anblicks.com,delivery,project,jr devops engineer,2040-07-04  
203,surender.thanneeru@anblicks.com,delivery,project,associate sr devops engineer,2040-07-04  
204,triveni.vemuri@anblicks.com,,,,
205,kiran.kumar@anblicks.com,delivery,project,associate sr devops engineer,2040-07-04  
206,tonu.varughese@anblicks.com,delivery,hackathon,sr devops engineer,2040-07-04  
207,vraj.bhatt@anblicks.com,delivery,project,devops engineer,2040-07-04  
208,akhila.madduri@anblicks.com,delivery,project,associate devops engineer,2040-07-04  
209,divya.matsa@anblicks.com,delivery,project,associate devops engineer,2040-07-04  
210,keyur.ranpura@anblicks.com,delivery,hackathon,principal software engineer,2040-07-04  
211,jay.shukla@anblicks.com,delivery,project,devops engineer,2040-07-04  
212,jitendra.prajapat@anblicks.com,delivery,project,devops engineer,2040-07-04  
213,saeeda.rushnaiwala@anblicks.com,delivery,project,devops engineer,2040-07-04  
214,bhushan.sambhus@anblicks.com,delivery,project,sr quality analyst,2040-07-04  
215,nihal.singh@anblicks.com,delivery,hackathon,devops engineer,2040-07-04  
216,rahul.singh@anblicks.com,delivery,project,devops engineer,2040-07-04  
217,nandini.thaker@anblicks.com,delivery, project,UX/UI Designer,2040-07-04  
218,rohit.majithia@anblicks.com,delivery,project,associate devops engineer,2040-07-04  
219,ummehani@anblicks.com,sales & marketing, project,sr executive,2040-07-04  
220,killari.limbachiya@anblicks.com,delivery, project,associate quality analyst,2040-07-04  
221,shivanagarjuna.busi@anblicks.com,delivery,hackathon,lead software engineer,2040-07-04  
222,srikanth.yerramsetti@anblicks.com,delivery,project,lead data engineer,2040-07-04  
223,keval.shah@anblicks.com,delivery,project,sr quality analyst,2040-07-04  
224,srisai.maddukuri@anblicks.com,delivery,project,jr data engineer,2040-07-04  
225,manikumar.modela@anblicks.com,delivery,project,jr data engineer,2040-07-04  
226,rehman.shaik@anblicks.com,delivery,project,jr data engineer,2040-07-04  
227,utkarsh.dobariya@anblicks.com,delivery,project,jr IT engineer,2040-07-04  
228,uhapriya.akunuri@anblicks.com,delivery,project,jr data engineer,2040-07-04  
229,sandhya.ravalavalasa@anblicks.com,delivery,project,jr data engineer,2040-07-04  
230,sajeeda.shaik@anblicks.com,delivery,project,jr data engineer,2040-07-04  
231,pavani.pasupulati@anblicks.com,delivery,project,jr data engineer,2040-07-04  
232,rajasekharreddy.g@anblicks.com,,,,
233,hardik.gundigara@anblicks.com,operations,hackathon,sr manager,2040-07-04  
234,ram.p@anblicks.com,,,,
235,neelesh.moravaneni@anblicks.com,delivery,project,associate data engineer,2040-07-04  
236,procurement@anblicks.com,,,,
237,sravan.m@anblicks.com,delivery,hackathon,lead data engineer,2040-07-04  
238,sirisha.boppana@anblicks.com,delivery,project,associate sr quality analyst,2040-07-04  
240,jayapal.reddy@anblicks.com,delivery,project,sr quality analyst,2040-07-04  
241,rahul.ojha@anblicks.com,delivery,project,lead quality analyst,2040-07-04  
242,bharath.rudra@anblicks.com,delivery,project,data engineer,2040-07-04  
243,mohammad.riyaz@anblicks.com,delivery,hackathon,quality analyst,2040-07-04  
244,guruprasanna.muttu@anblicks.com,delivery,project,software engineer,2040-07-04  
245,karthiga.pandian@anblicks.com,delivery,project,sr data engineer,2040-07-04  
246,shruthi.gangam@anblicks.com,delivery,project,contractor,2040-07-04  
247,nidhi.kumari@anblicks.com,delivery,project,leaddata engineer,2040-07-04  
248,sapana.shah@anblicks.com,operations,hackathon,contractor,2040-07-04  
249,hardik.gohel@anblicks.com,,,,
250,dhaval.raval@anblicks.com,operations,hackathon,sr IT engineer,2040-07-04  
251,kalpesh.lohar@anblicks.com,operations,hackathon, sr IT engineer,2040-07-04  
252,pradhan@anblicks.com,operations,hackathon,sr IT engineer,2040-07-04  
253,satyachandu.pothuri@anblicks.com,delivery,project,sr IT engineer,2040-07-04  
254,sudharani.b@anblicks.com,delivery,project,sr data engineer,2040-07-04  
255,aashutosh.makwana@anblicks.com,delivery,project,associate devops engineer,2040-07-04  
256,maulik.patel@anblicks.com,delivery,project,devops engineer,2040-07-04  
257,hrcommunique@anblicks.com,,,,
258,naresh.chillur@anblicks.com,delivery,project,jr devops engineer,2040-07-04  
259,harsh.patel@anblicks.com,delivery,project,jr data engineer,2040-07-04  
260,sagar.katariya@anblicks.com,delivery,project,jr data engineer,2040-07-04  
261,premalsinh.vaghela@anblicks.com,delivery,project,jr data engineer,2040-07-04  
262,smit.patel@anblicks.com,delivery,project,jr data engineer,2040-07-04  
263,drashti.shah@anblicks.com,delivery,hackathon,jr data engineer,2040-07-04  
264,rushika.shah@anblicks.com,delivery,project,jr data engineer,2040-07-04  
265,narendra.boggavarapu@anblicks.com,delivery,hackathon,jr devops engineer,2040-07-04  
266,vennela.sandu@anblicks.com,delivery,hackathon,jr data engineer,2040-07-04  
267,shravani.bathula@anblicks.com,delivery,hackathon,jr devops engineer,2040-07-04  
268,manohar.gajengi@anblicks.com,delivery,project,jr data engineer,2040-07-04  
269,vinaykumar.jorige@anblicks.com,delivery,hackathon,jr data engineer,2040-07-04  
270,saisrinivas.chinta@anblicks.com,delivery,hackathon,jr devops engineer,2040-07-04  
271,himabindhu.ogirala@anblicks.com,delivery,hackathon,jr data engineer,2040-07-04  
272,chandana.kundeti@anblicks.com,delivery,hackathon,jr data engineer,2040-07-04  
273,parvathy.chintalapudi@anblicks.com,delivery,hackathon,jr data engineer,2040-07-04  
274,raviteja.baswa@anblicks.com,delivery,hackathon,jr data engineer,2040-07-04  
275,brahmeswara.donepudi@anblicks.com,delivery,project,data engineer,2040-07-04  
276,sandhya.rayala@anblicks.com,,,,
277,manideep.bathini@anblicks.com,delivery,project,data engineer,2040-07-04  
278,vishwanath.mittapalli@anblicks.com,delivery,project,data engineer,2040-07-04  
279,deepthi.rayapati@anblicks.com,delivery,project,data engineer,2040-07-04  
280,prapti.patel@anblicks.com,delivery,project,jr devops engineer,2040-07-04  
281,viha.dave@anblicks.com,delivery,project,jr data engineer,2040-07-04  
282,gopala.kpayyavula@anblicks.com,delivery,project,lead data engineer,2040-07-04  
283,seshagiri.sattiraju@anblicks.com,delivery,project,lead software engineer,2040-07-04  
284,srikanth.manduri@anblicks.com,delivery,project,principal data engineer,2040-07-04  
285,karan.chauhan@anblicks.com,delivery,hackathon,associate software engineer,2040-07-04  
286,venkateswarareddy.t@anblicks.com,delivery,hackathon,associate sr data engineer,2040-07-04  
287,vijay.makwana@anblicks.com,delivery,project,associate devops engineer,2040-07-04  
288,venkatapavan.y@anblicks.com,delivery,project,sr data engineer,2040-07-04  
289,saiyam.bhupatawat@anblicks.com,delivery,project,associate sr data engineer,2040-07-04  
290,sarita.rai@anblicks.com,delivery,project,data engineer,2040-07-04  
291,anand.gangapuram@anblicks.com,delivery,hackathon,lead data engineer,2040-07-04  
292,krunal.rami@anblicks.com,delivery,project,sr devops engineer,2040-07-04  
293,naveen.pasupuleti@anblicks.com,delivery,hackathon,lead data engineer,2040-07-04  
294,lakhan.unadkat@anblicks.com,delivery,hackathon,sr quality analyst,2040-07-04  
295,tanvir.diwan@anblicks.com,delivery,project,associate devops engineer,2040-07-04  
296,raj.sindal@anblicks.com,delivery,project,scrum master,2040-07-04  
297,vijay.maruti@anblicks.com,,,,
298,kamlesh.bhatt@anblicks.com,delivery,project,devops engineer,2040-07-04  
299,lakshmi.potharaju@anblicks.com,delivery,project,sr data engineer,2040-07-04  
300,santhosh.j@anblicks.com,,,,
301,saibharath.maradani@anblicks.com,delivery,project,data engineer,2040-07-04  
302,devaraj.lanka@anblicks.com,delivery,project,associate software engineer,2040-07-04  
303,saikrishna.c@anblicks.com,delivery,hackathon,data engineer,2040-07-04  
304,nishit.thacker@anblicks.com,delivery,project,executive,2040-07-04  
305,reshma.banu@anblicks.com,delivery,project,principal data engineer,2040-07-04  
306,paras.dave@anblicks.com,delivery,project,associate manager,2040-07-04  
307,shubhangi.solanki@anblicks.com,delivery,project,data engineer,2040-07-04  
308,swathi.dubbaku@anblicks.com,delivery,hackathon,associate quality analyst,2040-07-04  
309,pushpendar.marri@anblicks.com,delivery,hackathon,sr quality analyst,2040-07-04  
310,ronak.savani@anblicks.com,delivery,hackathon,jr devops engineer,2040-07-04  
311,vrund.patel@anblicks.com,delivery,hackathon,jr data engineer,2040-07-04  
312,akshat.patel@anblicks.com,delivery,hackathon,jr data engineer,2040-07-04  
313,kricy.gundarania@anblicks.com,delivery,hackathon,jr data engineer,2040-07-04  
314,bhagyesh.bhut@anblicks.com,delivery,hackathon,jr data engineer,2040-07-04  
315,akshar.bhalodia@anblicks.com,delivery,hackathon,jr data engineer,2040-07-04  
316,poojaba.jadeja@anblicks.com,delivery,hackathon,jr data engineer,2040-07-04  
317,jay.aghera@anblicks.com,delivery,hackathon,jr data engineer,2040-07-04  
318,kishan.chanchad@anblicks.com,delivery,hackathon,jr data engineer,2040-07-04  
319,jolin.makwana@anblicks.com,delivery,hackathon,jr data engineer,2040-07-04  
320,hemangini.ninama@anblicks.com,delivery,hackathon,jr data engineer,2040-07-04  
321,tvng.durgapavan@anblicks.com,delivery,project,jr data engineer,2040-07-04  
322,kalyani.dasari@anblicks.com,delivery,hackathon,jr data engineer,2040-07-04  
323,harsha.panchagnula@anblicks.com,delivery,hackathon,jr data engineer,2040-07-04  
324,pavankumar.sanepalli@anblicks.com,delivery,hackathon,jr data engineer,2040-07-04  
325,Srirama.narayana@anblicks.com,delivery,hackathon,jr data engineer,2040-07-04  
326,anusha.nandam@anblicks.com,delivery,hackathon,jr data engineer,2040-07-04  
327,yasaswipriya.sobila@anblicks.com,delivery,hackathon,jr data engineer,2040-07-04  
328,ankitha.chigurupati@anblicks.com,delivery,hackathon,jr data engineer,2040-07-04  
329,vasavi.indirala@anblicks.com,delivery,hackathon,jr software engineer,2040-07-04  
330,anandvardhan.pandi@anblicks.com,delivery,hackathon,jr software engineer,2040-07-04  
331,nagendra.sureddi@anblicks.com,delivery,hackathon,jr data engineer,2040-07-04  
332,yash.shah@anblicks.com,delivery,hackathon,jr data engineer,2040-07-04  
333,ketul.sharma@anblicks.com,delivery,hackathon,jr data engineer,2040-07-04  
334,gayathri.arepalli@anblicks.com,delivery,hackathon,jr data engineer,2040-07-04  
335,jayaram.bande@anblicks.com,delivery,hackathon,jr software engineer,2040-07-04  
336,vrushang.parikh@anblicks.com,delivery,hackathon,jr data engineer,2040-07-04  
337,imran.shaik@anblicks.com,delivery,hackathon,jr devops engineer,2040-07-04  
338,yashkumar.patel@anblicks.com,delivery,hackathon,jr data engineer,2040-07-04  
339,surendra.sanayapalli@anblicks.com,delivery,hackathon,jr data engineer,2040-07-04  
340,raghava.kalli@anblicks.com,delivery,hackathon,jr software engineer,2040-07-04  
341,anil.bitra@anblicks.com,delivery,hackathon,jr data engineer,2040-07-04  
342,dharam.rajvadiya@anblicks.com,delivery,hackathon,jr data engineer,2040-07-04  
343,vijaybabu.kokku@anblicks.com,delivery,hackathon,jr data engineer,2040-07-04  
344,bhagya.talabattula@anblicks.com,delivery,hackathon,jr data engineer,2040-07-04  
345,riya.anadani@anblicks.com,delivery,hackathon,jr data engineer,2040-07-04  
346,mansuri.avesh@anblicks.com,delivery,hackathon,jr data engineer,2040-07-04  
347,kavisha.sutaria@anblicks.com,delivery,hackathon,associate software engineer,2040-07-04  
348,jagadeeshwar.k@anblicks.com,delivery,project,associate data engineer,2040-07-04  
349,bhavana.vunyala@anblicks.com,delivery,project,associate data engineer,2040-07-04  
350,saisyam.dampuri@anblicks.com,delivery,project,data engineer,2040-07-04  
351,nagaarvind.adari@anblicks.com,delivery,project,sr data engineer,2040-07-04  
352,raihan.mohammed@anblicks.com,delivery,hackathon,lead data engineer,2040-07-04  
353,jacqueline.a@anblicks.com,,,,
354,saikiran.nagarjuna@anblicks.com,delivery,hackathon,jr data engineer,2040-07-04  
355,venkatesh.mamidala@anblicks.com,delivery,hackathon,jr data engineer,2040-07-04  
356,shivaram.mamidi@anblicks.com,delivery,hackathon,jr data engineer,2040-07-04  
357,ganesh.neelakanta@anblicks.com,delivery,hackathon,jr data engineer,2040-07-04  
358,yeshmitha.karangula@anblicks.com,delivery,hackathon,jr data engineer,2040-07-04  
359,shiv.patel@anblicks.com,delivery,project,jr software engineer,2040-07-04  
360,sravya.kommula@anblicks.com,,,,
361,jenis.gohil@anblicks.com,delivery,project,jr software engineer,2040-07-04  
362,karthik.challagonda@anblicks.com,delivery,hackathon,jr data engineer,2040-07-04  
363,srihitha.cherlapally@anblicks.com,delivery,hackathon,jr data engineer,2040-07-04  
364,lokeshwar.chankapure@anblicks.com,delivery,hackathon,jr data engineer,2040-07-04  
365,nohitha.mongali@anblicks.com,delivery,hackathon,jr data engineer,2040-07-04  
366,sowbhagya.vodal@anblicks.com,delivery,hackathon,jr data engineer,2040-07-04  
367,sai.devabhakthuni@anblicks.com,delivery,hackathon,jr data engineer,2040-07-04  
368,varshitha.eddula@anblicks.com,delivery,hackathon,jr data engineer,2040-07-04  
369,giridhar.kompally@anblicks.com,delivery,hackathon,jr data engineer,2040-07-04  
370,shiva.nallavelli@anblicks.com,delivery,hackathon,jr data engineer,2040-07-04  
371,saicharan.madikonda@anblicks.com,delivery,hackathon,jr data engineer,2040-07-04  
372,ankit.amin@anblicks.com,delivery,hackathon,associate sr quality analyst,2040-07-04  
373,yeshwanth.saikam@anblicks.com,delivery,hackathon,jr data engineer,2040-07-04  
374,pranaya.lingallu@anblicks.com,delivery,hackathon,jr data engineer,2040-07-04  
375,akshitha.veesam@anblicks.com,delivery,hackathon,jr data engineer,2040-07-04  
376,hari.mangali@anblicks.com,delivery,hackathon,jr data engineer,2040-07-04  
377,rahul.varakala@anblicks.com,delivery,hackathon,solution architect,2040-07-04  
378,sravani.sammu@anblicks.com,delivery,hackathon,jr data engineer,2040-07-04  
379,tejaswini.kolla@anblicks.com,delivery,project,data engineer,2040-07-04  
380,ashritha.kanukula@anblicks.com,delivery,hackathon,jr data engineer,2040-07-04  
381,ramateja.damireddy@anblicks.com,delivery,project,associate data engineer,2040-07-04  
382,saisurya.hanumanthu@anblicks.com,delivery,hackathon,jr data engineer,2040-07-04  
383,krishna.chaurasia@anblicks.com,delivery,project,associate data engineer,2040-07-04  
384,sainanditha.t@anblicks.com,,,,
385,srinivas.eraboena@anblicks.com,delivery,project,data engineer,2040-07-04  
386,debrup.paul@anblicks.com,delivery,project,data engineer,2040-07-04  
387,saravana.murugesh@anblicks.com,delivery,project,associate data engineer,2040-07-04  
388,neha.dasari@anblicks.com,delivery,project,data engineer,2040-07-04  
389,anil.bariki@anblicks.com,,,,
390,bharati.kandukuri@anblicks.com,delivery,project,associate sr data engineer,2040-07-04  
391,vasanth.kandagatla@anblicks.com,delivery,project,data engineer,2040-07-04  
392,nazmanaz.sheik@anblicks.com,delivery,project,data engineer,2040-07-04  
393,mounika.masuram@anblicks.com,delivery,project,data engineer,2040-07-04  
394,test.everyone@anblicks.com,,,,
395,harsha.nadendla@anblicks.com,,,,
396,haribabu.thamatam@anblicks.com,delivery,project,associate sr data engineer,2040-07-04  
397,nehith.bandari@anblicks.com,,,,
398,abhinav.chelluri@anblicks.com,delivery,hackathon,sr data engineer,2040-07-04  
399,ashok.eeday@anblicks.com,delivery,project,sr data engineer,2040-07-04  
400,sairam.gandham@anblicks.comdelivery,project,sr data engineer,2040-07-04  ,
401,anvesh.karre@anblicks.com,delivery,project,associate sr data engineer,2040-07-04  
402,raviram.karra@anblicks.com,delivery,project,scrum master,2040-07-04  
403,avinash.chinta@anblicks.com,delivery,project,data engineer,2040-07-04  
404,yaswanth.yerasi@anblicks.com,delivery,hackathon,software engineer,2040-07-04  
405,swapna.boda@anblicks.com,delivery,project,data engineer,2040-07-04  
406,kranthi.devalapalli@anblicks.com,,,,
407,ramesh.talamala@anblicks.com,delivery,project,sr data engineer,2040-07-04  
408,kowsalya.kambala@anblicks.com,operations,hackathon,associate executive,2040-07-04  
409,sareen.banu@anblicks.com,operations,project,jr executive,2040-07-04  
410,robert.alvarez@anblicks.com,sales & marketing, project,manager,2040-07-04  
411,selina.tanha@anblicks.com,delivery,hackathon,associate sr data engineer,2040-07-04  
412,mdshahinoor.alam@anblicks.com,delivery,hackathon,data engineer,2040-07-04  
413,srikanth.chirukonda@anblicks.com,delivery,project,data engineer,2040-07-04  
414,pradeep.kotamgari@anblicks.com,delivery,project,lead quality analyst,2040-07-04  
415,utsav.patel@anblicks.com,delivery,hackathon,associate software engineer,2040-07-04  
416,sobhan.samantaray@anblicks.com,delivery,project,devops architect,2040-07-04  
417,syamsundar.gudibandi@anblicks.com,delivery,project,principal data engineer,2040-07-04  
418,faiyaz.maru@anblicks.com,operations,hackathon,manager,2040-07-04  
419,sreedhar@anblicks.com,operations,project,sr manager,2040-07-04  
420,pravallika.korrapati@anblicks.com,,,,
421,pavan.muniganti@anblicks.com,delivery,project,data engineer,2040-07-04  
422,vijay.janagam@anblicks.com,delivery,project,contractor,2040-07-04  
423,brahmaiah.vallabhuni@anblicks.com,delivery,project,associate sr data engineer,2040-07-04  
424,dhaval.mayur@anblicks.com,operations,hackathon,sr executive,2040-07-04  
425,srilakshmi.gadupudi@anblicks.com,delivery,project,associate sr data engineer,2040-07-04  
426,venkat.pilli@anblicks.com,delivery,project,contractor,2040-07-04  
427,nani.bonela@anblicks.com,operations,hackathon,executive,2040-07-04  
428,vinay.potu@anblicks.com,delivery,project,contractor,2040-07-04  
429,ramya.anumukonda@anblicks.com,delivery,project,sr data engineer,2040-07-04  
430,akhila.siripurapu@anblicks.com,,,,
431,nitya.sripati@anblicks.com,,,,
432,thikson.tivakar@anblicks.com,,,,
433,vishvak.tatineni@anblicks.com,delivery,project,intern,2040-07-04  
434,lance.lugo@datalinksoftware.com,,,,
435,svinod@asc-es.com,,,,
436,bharath.sudini@anblicks.com,delivery,hackathon,contractor,2040-07-04  
437,Kamal.jasuja@anblicks.com,,,,
438,bharatsinh.parmar@anblicks.com,operations,project,contractor,2040-07-04  
439,madhumitha.kuna@anblicks.com,,,,
440,dasaradharamaiah.k@anblicks.com,delivery,project,contractor,2040-07-04  
441,annual.event@anblicks.com,,,,
442,pavan.sirasanambedu@anblicks.com,delivery,project,contractor,2040-07-04  
443,savan.parmar@anblicks.com,,,,
444,vamshi.tumu@anblicks.com,,,,
445,sreeni.gandluru@anblicks.com,,,,
446,satya.brundavanam@anblicks.com,delivery,hackathon,sr data engineer,2040-07-04  
447,srilatha.kallagunta@anblicks.com,,,,
448,musalaiah.pemmadi@anblicks.com,delivery,project,sr data engineer,2040-07-04  
449,vikranth.putta@anblicks.com,delivery,project,data engineer,2040-07-04  
450,ashok.mallepalle@anblicks.com,,,,
451,pavan.telanakula@anblicks.com,delivery,project,jr data engineer,2040-07-04  
452,venkat.gorrepati@anblicks.com,delivery,project,contractor,2040-07-04  
453,ramesh.dande@anblicks.com,delivery,project,sr data engineer,2040-07-04  
454,dinesh.chamarthi@anblicks.com,delivery,project,sr data engineer,2040-07-04  
455,saikiran.samudrala@anblicks.com,delivery,project,associate data engineer,2040-07-04  
456,twinkal.patel@anblicks.com,,,,
457,venkataram.thadi@anblicks.com,delivery,project,data engineer,2040-07-04  
458,senthil.kumar@anblicks.com,delivery,project,sr data engineer,2040-07-04  
459,bhumika.adhia@anblicks.com,operations,hackathon,sr executive,2040-07-04  
460,chaitanya@anblicks.com,operations,hackathon,associate manager,2040-07-04  
461,yaswanth.nimmala@anblicks.com,delivery,project,data engineer,2040-07-04  
462,veena.kummari@anblicks.com,delivery,project,contractor,2040-07-04  
463,thilak.jayachandran@anblicks.com,delivery,project,devops engineer,2040-07-04  
464,praveen.garlapati@anblicks.com,delivery,hackathon,devops engineer,2040-07-04  
465,staton.deshazo@anblicks.com,sales & marketing, project,director,2040-07-04  
466,stuti.adhvaryu@anblicks.com,delivery,project,associate executive,2040-07-04  
467,ashish.patel@anblicks.com,delivery,hackathon,software engineer,2040-07-04  
468,megha.sangani@anblicks.com,operations,hackathon,associate executive,2040-07-04  
469,cheera.kumar@anblicks.com,operations,hackathon,associate executive,2040-07-04  
470,uday.navadasari@anblicks.com,operations,project,associate manager,2040-07-04  
471,manohar.madishetty@anblicks.com,operations,hackathon,associate manager,2040-07-04  
472,lavina.rego@anblicks.com,operations,hackathon,operations executive,2040-07-04  
473,senthil.pandurangan@anblicks.com,delivery,project,sr data engineer,2040-07-04  
474,naresh.mallepalli@anblicks.com,delivery,project,associate sr data engineer,2040-07-04  
475,suman.ghimire@anblicks.com,delivery,project,associate sr data engineer,2040-07-04  
476,prasanna.anthati@anblicks.com,delivery,project,data engineer,2040-07-04  
477,Anil.Makineni@datalinksoftware.com,,,,
478,krishna.manchikanti@anblicks.com,delivery,project,sr manager,2040-07-04  
479,bhargava.buchipally@anblicks.com,delivery,project,associate sr data engineer,2040-07-04  
480,indrakanth.chidara@anblicks.com,delivery,project,sr data engineer,2040-07-04  
481,sirisha.bobba@anblicks.com,delivery,hackathon,data engineer,2040-07-04  
482,omprakash.gurram@anblicks.com,delivery,project,data engineer,2040-07-04  
483,anubhav.rai@anblicks.com,delivery,project,associate sr data engineer,2040-07-04  
484,brijesh.amrutiya@anblicks.com,delivery,project,contractor,2040-07-04  
485,sudha.papasani@anblicks.com,delivery,project,data engineer,2040-07-04  
486,sreedhar.yerragunta@anblicks.com,delivery,project,data engineer,2040-07-04  
487,smriti.das@anblicks.com,delivery,project,UI/UX Designer,2040-07-04  
488,anushree.mahajan@anblicks.com,delivery,project,lead data engineer,2040-07-04  
489,vinay.chitrakathi@anblicks.com,delivery,hackathon,associate sr data scientist,2040-07-04  
490,dharmik.solanki@anblicks.com,operations,hackathon,associate executive,2040-07-04  
