app_id,session_user,snapshot_datetime
1,samir.bhatt@anblicks.com,6/9/2023
1,jaydeep.panchal@anblicks.com,8/27/2023
1,pathik.vora@anblicks.com,8/25/2023
1,munwar@anblicks.com,8/7/2023
1,abishek.kunduru@anblicks.com,8/18/2023
1,lalitha.nasina@anblicks.com,8/17/2023
1,dinesh.radadiya@anblicks.com,3/26/2023
1,sandeep.nidumukkala@anblicks.com,8/23/2023
1,pavankumar.vemula@anblicks.com,5/10/2023
1,gaurav.patel@anblicks.com,8/10/2023
1,manoj.kumar@anblicks.com,7/16/2023
1,geetanjali.dash@anblicks.com,8/1/2023
1,aayushi.soni@anblicks.com,12/31/2021
1,wasimuddin.shaikh@anblicks.com,7/2/2023
1,jhanvi.makwana@anblicks.com,8/17/2022
1,bayya.vuragayala@anblicks.com,8/23/2023
1,harshad.chhaiya@anblicks.com,2/24/2023
1,ronak.parekh@anblicks.com,8/16/2023
1,sajja.ratnasravya@anblicks.com,8/21/2023
1,praveen@anblicks.com,8/25/2023
1,vijay.diwakar@anblicks.com,8/24/2023
1,sukhjeet.singh@anblicks.com,2/7/2022
1,naveen.regula@anblicks.com,7/3/2023
1,manish.gupta@anblicks.com,7/3/2023
1,anand.maheshwari@anblicks.com,8/22/2023
1,vinit.prajapati@anblicks.com,8/24/2023
1,ankit.patel@anblicks.com,8/17/2023
1,chitrang.modi@anblicks.com,7/27/2023
1,siddhi.thakkar@anblicks.com,8/21/2023
1,vinay.gundavaram@anblicks.com,6/15/2023
1,parth.ghiya@anblicks.com,8/16/2023
1,dilip.rajpurohit@anblicks.com,12/31/2021
1,bhavin.bhavsar@anblicks.com,3/7/2023
1,manish.shrivastav@anblicks.com,8/23/2023
1,govind.singh@anblicks.com,7/21/2023
1,jatin.patel@anblicks.com,8/26/2023
1,dhruvi.sheladiya@anblicks.com,8/27/2023
1,sandip.mehta@anblicks.com,8/24/2023
1,priyank.patel@anblicks.com,8/8/2023
1,mamta.prajapati@anblicks.com,8/21/2023
1,farooq.md@anblicks.com,8/27/2023
1,purvesh.kachhiya@anblicks.com,8/24/2023
1,abhilash.p@anblicks.com,5/24/2023
1,jayesh.prajapati@anblicks.com,6/20/2023
1,nikunj.kasodariya@anblicks.com,7/7/2023
1,tarun.patel@anblicks.com,8/4/2023
1,chamundeswar.b@anblicks.com,6/18/2023
1,shabbir.challawala@anblicks.com,8/12/2023
1,vishal.sheladiya@anblicks.com,8/22/2023
1,mohammad.dhanpurwala@anblicks.com,8/17/2023
1,nishant.shah@anblicks.com,7/5/2023
1,albert.manoj@anblicks.com,7/27/2023
1,amij.patel@anblicks.com,7/23/2023
1,chintan.gajjar@anblicks.com,7/5/2023
1,sudha.pattigudi@anblicks.com,7/31/2023
1,esubabu.tibirisetti@anblicks.com,2/27/2023
1,gnanasirisha.v@anblicks.com,6/14/2023
1,vaibhavi.ghore@anblicks.com,8/27/2023
1,raja.seeni@anblicks.com,8/11/2023
1,rakesh.gupta@anblicks.com,5/14/2023
1,nikhil.khasatiya@anblicks.com,7/31/2023
1,satish.raghuwanshi@anblicks.com,8/10/2022
1,mitesh.gajjar@anblicks.com,8/15/2023
1,nagakumar.m@anblicks.com,8/1/2023
1,bansilal.keloth@anblicks.com,8/25/2023
1,jaydeep.munjapara@anblicks.com,8/25/2023
1,nikunj.ranpura@anblicks.com,8/8/2023
1,vipul.patel@anblicks.com,7/7/2023
1,jaimin.patel@anblicks.com,5/1/2023
1,ronak.padhya@anblicks.com,8/24/2023
1,nilesh.jain@anblicks.com,8/12/2023
1,hardik.sanghani@anblicks.com,6/8/2023
1,yogesh.kumbhare@anblicks.com,7/2/2023
1,kalyani.bhumireddy@anblicks.com,6/27/2023
1,dileep.peddineni@anblicks.com,8/16/2023
1,naveed.mf@anblicks.com,8/27/2023
1,pooja.shah@anblicks.com,3/2/2023
1,krunal.patel@anblicks.com,8/1/2023
1,hemasri.edupuganti@anblicks.com,8/17/2023
1,deepika.mudiyala@anblicks.com,8/23/2023
1,jhansi.kandanathi@anblicks.com,7/24/2023
1,pratham.vijayvargiya@anblicks.com,6/6/2023
1,vicky.panwala@anblicks.com,8/27/2023
1,chandni.patel@anblicks.com,6/28/2023
1,santosh.yadav@anblicks.com,6/14/2023
1,jyostna.jaladi@anblicks.com,8/22/2023
1,ashish.vanjarapu@anblicks.com,8/25/2023
1,maqboolahamed.momin@anblicks.com,6/7/2023
1,hemant.nag@anblicks.com,8/25/2023
1,prashanth.m@anblicks.com,6/30/2022
1,chandrashekarreddy.genupula@anblicks.com,6/28/2023
1,abhishek.makhija@anblicks.com,4/12/2023
1,shivam.shah@anblicks.com,7/17/2023
1,durgavikesh.pulapa@anblicks.com,8/10/2023
1,kumar@anblicks.com,11/22/2022
1,prasanna.alluri@anblicks.com,8/20/2023
1,shalini.parisi@anblicks.com,8/3/2023
1,devang.patel@anblicks.com,5/25/2023
1,vikas.karekannapla@anblicks.com,5/29/2023
1,bharath.pogula@anblicks.com,2/8/2023
1,kiran.kotha@anblicks.com,8/4/2023
1,vishal.rami@anblicks.com,7/11/2023
1,gowtham.voruganti@anblicks.com,7/11/2023
1,jignesh.gajjar@anblicks.com,7/20/2023
1,satyapriya.mohanty@anblicks.com,7/28/2023
1,uday.muppa@anblicks.com,8/23/2023
1,ashish.shah@anblicks.com,8/4/2022
1,krishnababu.chereddy@anblicks.com,4/14/2023
1,sireesha.alavala@anblicks.com,8/9/2023
1,nimesh.prajapati@anblicks.com,8/21/2023
1,monal.patel@anblicks.com,8/23/2023
1,arjun.g@anblicks.com,8/21/2023
1,praveenkumar.macha@anblicks.com,8/26/2023
1,rinku.gohel@anblicks.com,7/24/2023
1,deval.kapadia@anblicks.com,8/3/2023
1,omsai.kandregula@anblicks.com,8/25/2022
1,fazal.babaria@anblicks.com,6/21/2023
1,ashok.pothureddy@anblicks.com,8/25/2023
1,rithesh.gummerla@anblicks.com,8/9/2023
1,shalinee.tawar@anblicks.com,8/5/2023
1,khushbu.patel@anblicks.com,8/18/2023
1,deep.santoki@anblicks.com,7/4/2023
1,kuldeep.panchal@anblicks.com,8/21/2023
1,sheetal.chandane@anblicks.com,8/20/2023
1,harihara.b@anblicks.com,8/8/2023
1,muddasir.h@anblicks.com,7/5/2022
1,hemal.patel@anblicks.com,7/13/2023
1,munindra.ck@anblicks.com,8/23/2023
1,pujitha.katuru@anblicks.com,7/10/2023
1,janvi.bharadiya@anblicks.com,8/11/2023
1,renu.kumari@anblicks.com,7/23/2023
1,harsh.soni@anblicks.com,8/26/2023
1,karthikeyan.jaganathan@anblicks.com,12/29/2022
1,francis.mbunya@anblicks.com,6/30/2022
1,venkatsai.erram@anblicks.com,8/21/2023
1,nirva.sangani@anblicks.com,8/26/2023
1,mansi.dobariya@anblicks.com,8/26/2023
1,pinkesh.kothari@anblicks.com,8/24/2023
1,avadh.patel@anblicks.com,8/19/2023
1,mounika.mokkapati@anblicks.com,8/25/2023
1,pavan.s@anblicks.com,4/13/2023
1,chandrareddy.athmakur@anblicks.com,8/25/2023
1,ganeshcharan.p@anblicks.com,6/8/2023
1,manasa.jonnadula@anblicks.com,6/19/2023
1,narayanarao.ponnam@anblicks.com,5/5/2023
1,sumit.kumar@anblicks.com,8/8/2023
1,anjaneyulu.m@anblicks.com,5/8/2023
1,ish.lavingia@anblicks.com,7/4/2023
1,swetha.cherukupalli@anblicks.com,3/1/2023
1,krupal.khatri@anblicks.com,8/4/2023
1,riddhi.patel@anblicks.com,8/22/2023
1,raini.desai@anblicks.com,7/19/2023
1,himanshu.rawani@anblicks.com,2/27/2023
1,g.krishna@anblicks.com,8/22/2023
1,miti.patel@anblicks.com,8/27/2023
1,madhu@anblicks.com,5/11/2023
1,arkan.malek@anblicks.com,6/27/2023
1,hitesh.tank@anblicks.com,6/13/2023
1,saikiran.p@anblicks.com,8/16/2023
1,mounika.koduru@anblicks.com,8/10/2023
1,montej.shah@anblicks.com,7/16/2023
1,bhargavi.gogulamudi@anblicks.com,6/28/2023
1,arunkumar.k@anblicks.com,4/14/2023
1,darshan.solanki@anblicks.com,8/25/2023
1,jaitun.garish@anblicks.com,7/19/2023
1,surender.thanneeru@anblicks.com,8/4/2023
1,triveni.vemuri@anblicks.com,8/8/2023
1,kiran.kumar@anblicks.com,8/15/2023
1,tonu.varughese@anblicks.com,4/19/2023
1,vraj.bhatt@anblicks.com,8/8/2023
1,akhila.madduri@anblicks.com,7/5/2023
1,divya.matsa@anblicks.com,8/11/2023
1,keyur.ranpura@anblicks.com,8/16/2023
1,sana.shaik@anblicks.com,7/26/2023
1,jay.shukla@anblicks.com,8/24/2023
1,jitendra.prajapat@anblicks.com,8/26/2023
1,saeeda.rushnaiwala@anblicks.com,8/13/2023
1,bhushan.sambhus@anblicks.com,8/21/2023
1,nihal.singh@anblicks.com,4/30/2023
1,rahul.singh@anblicks.com,8/19/2023
1,nandini.thaker@anblicks.com,8/4/2023
1,rohit.majithia@anblicks.com,8/25/2023
1,ummehani@anblicks.com,8/8/2023
1,saikiran.b@anblicks.com,7/9/2023
1,killari.limbachiya@anblicks.com,8/8/2023
1,shivanagarjuna.busi@anblicks.com,5/31/2023
1,srikanth.yerramsetti@anblicks.com,8/25/2023
1,keval.shah@anblicks.com,8/18/2023
1,srisai.maddukuri@anblicks.com,8/7/2023
1,manikumar.modela@anblicks.com,7/13/2023
1,rehman.shaik@anblicks.com,8/7/2023
1,utkarsh.dobariya@anblicks.com,6/15/2023
1,uhapriya.akunuri@anblicks.com,6/28/2023
1,sandhya.ravalavalasa@anblicks.com,7/26/2023
1,sajeeda.shaik@anblicks.com,7/6/2023
1,pavani.pasupulati@anblicks.com,7/3/2023
1,rajasekharreddy.g@anblicks.com,8/25/2023
1,hardik.gundigara@anblicks.com,8/13/2023
1,ram.p@anblicks.com,7/31/2023
1,neelesh.moravaneni@anblicks.com,8/25/2023
1,komal.saini@anblicks.com,1/3/2023
1,procurement@anblicks.com,3/13/2023
1,sravan.m@anblicks.com,8/14/2023
1,sirisha.boppana@anblicks.com,8/14/2023
1,swetha.s@anblicks.com,7/26/2023
1,jayapal.reddy@anblicks.com,6/30/2023
1,rahul.ojha@anblicks.com,1/30/2023
1,bharath.rudra@anblicks.com,7/18/2023
1,anand.k@anblicks.com,8/4/2023
1,kotapati.saitha@anblicks.com,8/17/2023
1,rasi.konatham@anblicks.com,8/17/2023
1,mohammad.riyaz@anblicks.com,8/27/2023
1,guruprasanna.muttu@anblicks.com,8/7/2023
1,karthiga.pandian@anblicks.com,4/24/2023
1,shruthi.gangam@anblicks.com,5/10/2023
1,nidhi.kumari@anblicks.com,5/30/2023
1,sapana.shah@anblicks.com,6/21/2023
1,hardik.gohel@anblicks.com,8/10/2022
1,dhaval.raval@anblicks.com,6/29/2023
1,kalpesh.lohar@anblicks.com,8/23/2023
1,pradhan@anblicks.com,8/25/2023
1,satyachandu.pothuri@anblicks.com,8/22/2023
1,sudharani.b@anblicks.com,8/25/2023
1,aashutosh.makwana@anblicks.com,8/10/2023
1,maulik.patel@anblicks.com,8/16/2023
1,hrcommunique@anblicks.com,1/10/2023
1,naresh.chillur@anblicks.com,7/19/2023
1,harsh.patel@anblicks.com,8/26/2023
1,sagar.katariya@anblicks.com,8/27/2023
1,pranshu.joshi@anblicks.com,3/26/2023
1,premalsinh.vaghela@anblicks.com,8/17/2023
1,smit.patel@anblicks.com,7/14/2023
1,drashti.shah@anblicks.com,6/22/2023
1,rushika.shah@anblicks.com,5/8/2023
1,narendra.boggavarapu@anblicks.com,7/27/2023
1,vennela.sandu@anblicks.com,8/22/2023
1,shravani.bathula@anblicks.com,8/25/2023
1,manohar.gajengi@anblicks.com,7/6/2023
1,vinaykumar.jorige@anblicks.com,8/24/2023
1,saisrinivas.chinta@anblicks.com,8/8/2023
1,himabindhu.ogirala@anblicks.com,8/23/2023
1,chandana.kundeti@anblicks.com,8/25/2023
1,parvathy.chintalapudi@anblicks.com,8/17/2023
1,navya.chalapati@anblicks.com,8/18/2023
1,raviteja.baswa@anblicks.com,8/21/2023
1,brahmeswara.donepudi@anblicks.com,8/7/2023
1,sandhya.rayala@anblicks.com,12/21/2022
1,tejaprasad.pampana@anblicks.com,7/21/2023
1,manideep.bathini@anblicks.com,8/24/2023
1,vishwanath.mittapalli@anblicks.com,7/17/2023
1,deepthi.rayapati@anblicks.com,8/15/2023
1,prapti.patel@anblicks.com,8/24/2023
1,viha.dave@anblicks.com,6/19/2023
1,gopala.kpayyavula@anblicks.com,6/30/2023
1,seshagiri.sattiraju@anblicks.com,8/23/2023
1,srikanth.manduri@anblicks.com,5/14/2023
1,karan.chauhan@anblicks.com,8/11/2023
1,venkateswarareddy.t@anblicks.com,8/25/2023
1,vijay.makwana@anblicks.com,7/3/2023
1,venkatapavan.y@anblicks.com,7/20/2023
1,saiyam.bhupatawat@anblicks.com,8/25/2023
1,sarita.rai@anblicks.com,8/7/2023
1,anand.gangapuram@anblicks.com,11/16/2022
1,krunal.rami@anblicks.com,7/26/2023
1,naveen.pasupuleti@anblicks.com,8/14/2023
1,lakhan.unadkat@anblicks.com,8/24/2023
1,tanvir.diwan@anblicks.com,7/18/2023
1,raj.sindal@anblicks.com,8/14/2023
1,vijay.maruti@anblicks.com,7/10/2023
1,kamlesh.bhatt@anblicks.com,7/1/2023
1,lakshmi.potharaju@anblicks.com,5/30/2023
1,krunal.vyas@anblicks.com,8/24/2023
1,santhosh.j@anblicks.com,11/3/2022
1,saibharath.maradani@anblicks.com,7/18/2023
1,devaraj.lanka@anblicks.com,7/29/2023
1,saikrishna.c@anblicks.com,1/9/2023
1,nishit.thacker@anblicks.com,7/26/2023
1,reshma.banu@anblicks.com,11/3/2022
1,paras.dave@anblicks.com,7/23/2023
1,shubhangi.solanki@anblicks.com,3/8/2023
1,swathi.dubbaku@anblicks.com,8/23/2023
1,pushpendar.marri@anblicks.com,4/24/2023
1,ronak.savani@anblicks.com,7/3/2023
1,vrund.patel@anblicks.com,7/27/2023
1,akshat.patel@anblicks.com,8/7/2023
1,kricy.gundarania@anblicks.com,7/31/2023
1,bhagyesh.bhut@anblicks.com,8/23/2023
1,akshar.bhalodia@anblicks.com,8/18/2023
1,poojaba.jadeja@anblicks.com,8/3/2023
1,jay.aghera@anblicks.com,8/21/2023
1,kishan.chanchad@anblicks.com,8/15/2023
1,jolin.makwana@anblicks.com,8/25/2023
1,hemangini.ninama@anblicks.com,8/1/2023
1,tvng.durgapavan@anblicks.com,6/12/2023
1,kalyani.dasari@anblicks.com,8/11/2023
1,keerthana.medakayala@anblicks.com,8/11/2023
1,harsha.panchagnula@anblicks.com,8/17/2023
1,pavankumar.sanepalli@anblicks.com,8/20/2023
1,Srirama.narayana@anblicks.com,8/16/2023
1,anusha.nandam@anblicks.com,8/25/2023
1,yasaswipriya.sobila@anblicks.com,8/13/2023
1,ankitha.chigurupati@anblicks.com,8/18/2023
1,vasavi.indirala@anblicks.com,8/13/2023
1,anandvardhan.pandi@anblicks.com,8/25/2023
1,harika.pedapudi@anblicks.com,8/20/2023
1,nagendra.sureddi@anblicks.com,8/22/2023
1,likhitha.sunkara@anblicks.com,8/25/2023
1,yash.shah@anblicks.com,8/9/2023
1,ketul.sharma@anblicks.com,8/2/2023
1,gayathri.arepalli@anblicks.com,8/27/2023
1,jayaram.bande@anblicks.com,8/24/2023
1,vrushang.parikh@anblicks.com,8/6/2023
1,swetha.appisetty@anblicks.com,8/27/2023
1,ganesh.kancharla@anblicks.com,8/10/2023
1,devisri.desu@anblicks.com,8/25/2023
1,ganeshkasyap.movva@anblicks.com,8/26/2023
1,imran.shaik@anblicks.com,8/27/2023
1,yashkumar.patel@anblicks.com,8/7/2023
1,nishilatha.kaile@anblicks.com,8/25/2023
1,reethika.kolusu@anblicks.com,8/21/2023
1,surendra.sanayapalli@anblicks.com,8/23/2023
1,raghava.kalli@anblicks.com,8/3/2023
1,anil.bitra@anblicks.com,8/16/2023
1,kavyasree.kommaraju@anblicks.com,8/25/2023
1,dharam.rajvadiya@anblicks.com,8/10/2023
1,vijaybabu.kokku@anblicks.com,8/25/2023
1,divya.gunde@anblicks.com,6/22/2023
1,bhagya.talabattula@anblicks.com,8/8/2023
1,riya.anadani@anblicks.com,8/25/2023
1,mansuri.avesh@anblicks.com,7/28/2023
1,kavisha.sutaria@anblicks.com,5/24/2023
1,jagadeeshwar.k@anblicks.com,8/18/2023
1,bhavana.vunyala@anblicks.com,8/23/2023
1,saisyam.dampuri@anblicks.com,6/28/2023
1,nagaarvind.adari@anblicks.com,8/23/2023
1,raihan.mohammed@anblicks.com,8/25/2023
1,jacqueline.a@anblicks.com,4/24/2023
1,saikiran.nagarjuna@anblicks.com,8/25/2023
1,venkatesh.mamidala@anblicks.com,8/17/2023
1,shivaram.mamidi@anblicks.com,8/15/2023
1,ganesh.neelakanta@anblicks.com,8/24/2023
1,yeshmitha.karangula@anblicks.com,8/7/2023
1,shiv.patel@anblicks.com,4/25/2023
1,sravya.kommula@anblicks.com,5/30/2023
1,jenis.gohil@anblicks.com,5/4/2023
1,karthik.challagonda@anblicks.com,8/17/2023
1,srihitha.cherlapally@anblicks.com,8/16/2023
1,lokeshwar.chankapure@anblicks.com,8/10/2023
1,nohitha.mongali@anblicks.com,8/16/2023
1,sowbhagya.vodal@anblicks.com,8/11/2023
1,sai.devabhakthuni@anblicks.com,8/26/2023
1,varshitha.eddula@anblicks.com,8/14/2023
1,giridhar.kompally@anblicks.com,8/25/2023
1,shiva.nallavelli@anblicks.com,8/27/2023
1,saicharan.madikonda@anblicks.com,8/24/2023
1,ankit.amin@anblicks.com,7/3/2023
1,yeshwanth.saikam@anblicks.com,8/15/2023
1,pranaya.lingallu@anblicks.com,8/21/2023
1,akshitha.veesam@anblicks.com,8/24/2023
1,hari.mangali@anblicks.com,8/16/2023
1,naveen.bandaru@anblicks.com,8/11/2023
1,rahul.varakala@anblicks.com,7/25/2023
1,sravani.sammu@anblicks.com,8/10/2023
1,jyothi.vuyyuru@anblicks.com,8/15/2023
1,rohith.velpula@anblicks.com,8/2/2023
1,tejaswini.kolla@anblicks.com,8/8/2023
1,saiakhil.gollamudi@anblicks.com,8/25/2023
1,ashritha.kanukula@anblicks.com,8/9/2023
1,ramateja.damireddy@anblicks.com,1/19/2023
1,saisurya.hanumanthu@anblicks.com,8/22/2023
1,krishna.chaurasia@anblicks.com,7/10/2023
1,sainanditha.t@anblicks.com,6/7/2023
1,srinivas.eraboena@anblicks.com,8/11/2023
1,debrup.paul@anblicks.com,6/7/2023
1,saravana.murugesh@anblicks.com,7/19/2023
1,neha.dasari@anblicks.com,4/10/2023
1,anil.bariki@anblicks.com,8/24/2023
1,bharati.kandukuri@anblicks.com,7/30/2023
1,vasanth.kandagatla@anblicks.com,8/23/2023
1,nazmanaz.sheik@anblicks.com,8/9/2023
1,mounika.masuram@anblicks.com,7/5/2023
1,test.everyone@anblicks.com,3/22/2023
1,harsha.nadendla@anblicks.com,7/1/2023
1,haribabu.thamatam@anblicks.com,8/25/2023
1,nehith.bandari@anblicks.com,5/11/2023
1,abhinav.chelluri@anblicks.com,3/24/2023
1,ashok.eeday@anblicks.com,4/3/2023
1,anvesh.karre@anblicks.com,8/20/2023
1,raviram.karra@anblicks.com,4/5/2023
1,avinash.chinta@anblicks.com,8/25/2023
1,yaswanth.yerasi@anblicks.com,8/24/2023
1,swapna.boda@anblicks.com,4/10/2023
1,kranthi.devalapalli@anblicks.com,4/11/2023
1,ramesh.talamala@anblicks.com,4/24/2023
1,kowsalya.kambala@anblicks.com,4/12/2023
1,sareen.banu@anblicks.com,8/24/2023
1,robert.alvarez@anblicks.com,7/7/2023
1,selina.tanha@anblicks.com,4/13/2023
1,mdshahinoor.alam@anblicks.com,4/13/2023
1,abhishek.singh@anblicks.com,4/20/2023
1,srikanth.chirukonda@anblicks.com,4/24/2023
1,pradeep.kotamgari@anblicks.com,7/3/2023
1,utsav.patel@anblicks.com,5/22/2023
1,sobhan.samantaray@anblicks.com,8/26/2023
1,syamsundar.gudibandi@anblicks.com,8/25/2023
1,faiyaz.maru@anblicks.com,4/21/2023
1,dhamodharan.balamani@anblicks.com,7/31/2023
1,sreedhar@anblicks.com,4/26/2023
1,pravallika.korrapati@anblicks.com,5/30/2023
1,pavan.muniganti@anblicks.com,8/18/2023
1,vijay.janagam@anblicks.com,5/4/2023
1,brahmaiah.vallabhuni@anblicks.com,8/2/2023
1,dhaval.mayur@anblicks.com,7/9/2023
1,srilakshmi.gadupudi@anblicks.com,8/10/2023
1,venkat.pilli@anblicks.com,5/7/2023
1,nani.bonela@anblicks.com,7/17/2023
1,vinay.potu@anblicks.com,8/26/2023
1,mujtaba@anblicks.com,5/11/2023
1,ramya.anumukonda@anblicks.com,8/22/2023
1,akhila.siripurapu@anblicks.com,6/23/2023
1,nitya.sripati@anblicks.com,8/14/2023
1,thikson.tivakar@anblicks.com,6/12/2023
1,vishvak.tatineni@anblicks.com,6/15/2023
1,lance.lugo@datalinksoftware.com,5/16/2023
1,svinod@asc-es.com,5/16/2023
1,bharath.sudini@anblicks.com,7/31/2023
1,Kamal.jasuja@anblicks.com,6/27/2023
1,bharatsinh.parmar@anblicks.com,5/22/2023
1,madhumitha.kuna@anblicks.com,8/5/2023
1,dasaradharamaiah.k@anblicks.com,8/13/2023
1,annual.event@anblicks.com,5/23/2023
1,pavan.sirasanambedu@anblicks.com,8/14/2023
1,savan.parmar@anblicks.com,5/29/2023
1,vamshi.tumu@anblicks.com,5/31/2023
1,sreeni.gandluru@anblicks.com,6/8/2023
1,satya.brundavanam@anblicks.com,6/22/2023
1,srilatha.kallagunta@anblicks.com,8/21/2023
1,musalaiah.pemmadi@anblicks.com,6/8/2023
1,vikranth.putta@anblicks.com,7/28/2023
1,ashok.mallepalle@anblicks.com,8/7/2023
1,pavan.telanakula@anblicks.com,7/27/2023
1,venkat.gorrepati@anblicks.com,6/14/2023
1,ramesh.dande@anblicks.com,8/14/2023
1,dinesh.chamarthi@anblicks.com,6/16/2023
1,saikiran.samudrala@anblicks.com,8/3/2023
1,twinkal.patel@anblicks.com,6/20/2023
1,venkataram.thadi@anblicks.com,8/25/2023
1,senthil.kumar@anblicks.com,8/23/2023
1,bhumika.adhia@anblicks.com,7/17/2023
1,chaitanya@anblicks.com,7/7/2023
1,lalitha.ginjupalli@anblicks.com,7/11/2023
1,yaswanth.nimmala@anblicks.com,8/8/2023
1,veena.kummari@anblicks.com,8/16/2023
1,thilak.jayachandran@anblicks.com,8/4/2023
1,praveen.garlapati@anblicks.com,7/24/2023
1,staton.deshazo@anblicks.com,7/8/2023
1,stuti.adhvaryu@anblicks.com,7/9/2023
1,ashish.patel@anblicks.com,7/13/2023
1,megha.sangani@anblicks.com,7/10/2023
1,cheera.kumar@anblicks.com,7/11/2023
1,uday.navadasari@anblicks.com,7/24/2023
1,manohar.madishetty@anblicks.com,7/12/2023
1,lavina.rego@anblicks.com,8/19/2023
1,senthil.pandurangan@anblicks.com,7/13/2023
1,fayaz@anblicks.com,7/19/2023
1,naresh.mallepalli@anblicks.com,8/10/2023
1,suman.ghimire@anblicks.com,8/24/2023
1,prasanna.anthati@anblicks.com,7/24/2023
1,Anil.Makineni@datalinksoftware.com,7/27/2023
1,krishna.manchikanti@anblicks.com,8/2/2023
1,bhargava.buchipally@anblicks.com,8/11/2023
1,indrakanth.chidara@anblicks.com,8/23/2023
1,sirisha.bobba@anblicks.com,8/8/2023
1,omprakash.gurram@anblicks.com,8/11/2023
1,anubhav.rai@anblicks.com,8/25/2023
1,brijesh.amrutiya@anblicks.com,8/21/2023
1,sudha.papasani@anblicks.com,8/18/2023
1,sreedhar.yerragunta@anblicks.com,8/19/2023
1,smriti.das@anblicks.com,8/21/2023
1,anushree.mahajan@anblicks.com,8/24/2023
1,vinay.chitrakathi@anblicks.com,8/25/2023
1,dharmik.solanki@anblicks.com,8/26/2023
