session_user,snapshot_datetime
manoj.kumar@anblicks.com,7/16/2023
aayushi.soni@anblicks.com,12/31/2021
nishant.shah@anblicks.com,7/5/2023
amij.patel@anblicks.com,7/23/2023
ashish.vanjarapu@anblicks.com,8/25/2023
gowtham.voruganti@anblicks.com,7/11/2023
ashok.pothureddy@anblicks.com,8/25/2023
harihara.b@anblicks.com,8/8/2023
avadh.patel@anblicks.com,8/19/2023
madhu@anblicks.com,5/11/2023
bhargavi.gogulamudi@anblicks.com,6/28/2023
sana.shaik@anblicks.com,7/26/2023
saikiran.b@anblicks.com,7/9/2023
komal.saini@anblicks.com,1/3/2023
anand.k@anblicks.com,8/4/2023
kotapati.saitha@anblicks.com,8/17/2023
rasi.konatham@anblicks.com,8/17/2023
pranshu.joshi@anblicks.com,3/26/2023
navya.chalapati@anblicks.com,8/18/2023
tejaprasad.pampana@anblicks.com,7/21/2023
krunal.vyas@anblicks.com,8/24/2023
keerthana.medakayala@anblicks.com,8/11/2023
harika.pedapudi@anblicks.com,8/20/2023
likhitha.sunkara@anblicks.com,8/25/2023
swetha.appisetty@anblicks.com,8/27/2023
ganesh.kancharla@anblicks.com,8/10/2023
devisri.desu@anblicks.com,8/25/2023
ganeshkasyap.movva@anblicks.com,8/26/2023
nishilatha.kaile@anblicks.com,8/25/2023
reethika.kolusu@anblicks.com,8/21/2023
kavyasree.kommaraju@anblicks.com,8/25/2023
divya.gunde@anblicks.com,6/22/2023
naveen.bandaru@anblicks.com,8/11/2023
jyothi.vuyyuru@anblicks.com,8/15/2023
rohith.velpula@anblicks.com,8/2/2023
saiakhil.gollamudi@anblicks.com,8/25/2023
abhishek.singh@anblicks.com,4/20/2023
dhamodharan.balamani@anblicks.com,7/31/2023
mujtaba@anblicks.com,5/11/2023
lalitha.ginjupalli@anblicks.com,7/11/2023
fayaz@anblicks.com,7/19/2023
