app_id,session_user,snapshot_datetime
1,manoj.kumar@anblicks.com,7/16/2023
1,aayushi.soni@anblicks.com,12/31/2021
1,nishant.shah@anblicks.com,7/5/2023
1,amij.patel@anblicks.com,7/23/2023
1,ashish.vanjarapu@anblicks.com,8/25/2023
1,gowtham.voruganti@anblicks.com,7/11/2023
1,ashok.pothureddy@anblicks.com,8/25/2023
1,harihara.b@anblicks.com,8/8/2023
1,avadh.patel@anblicks.com,8/19/2023
1,madhu@anblicks.com,5/11/2023
1,bhargavi.gogulamudi@anblicks.com,6/28/2023
1,sana.shaik@anblicks.com,7/26/2023
1,saikiran.b@anblicks.com,7/9/2023
1,komal.saini@anblicks.com,1/3/2023
1,anand.k@anblicks.com,8/4/2023
1,kotapati.saitha@anblicks.com,8/17/2023
1,rasi.konatham@anblicks.com,8/17/2023
1,pranshu.joshi@anblicks.com,3/26/2023
1,navya.chalapati@anblicks.com,8/18/2023
1,tejaprasad.pampana@anblicks.com,7/21/2023
1,krunal.vyas@anblicks.com,8/24/2023
1,keerthana.medakayala@anblicks.com,8/11/2023
1,harika.pedapudi@anblicks.com,8/20/2023
1,likhitha.sunkara@anblicks.com,8/25/2023
1,swetha.appisetty@anblicks.com,8/27/2023
1,ganesh.kancharla@anblicks.com,8/10/2023
1,devisri.desu@anblicks.com,8/25/2023
1,ganeshkasyap.movva@anblicks.com,8/26/2023
1,nishilatha.kaile@anblicks.com,8/25/2023
1,reethika.kolusu@anblicks.com,8/21/2023
1,kavyasree.kommaraju@anblicks.com,8/25/2023
1,divya.gunde@anblicks.com,6/22/2023
1,naveen.bandaru@anblicks.com,8/11/2023
1,jyothi.vuyyuru@anblicks.com,8/15/2023
1,rohith.velpula@anblicks.com,8/2/2023
1,saiakhil.gollamudi@anblicks.com,8/25/2023
1,abhishek.singh@anblicks.com,4/20/2023
1,dhamodharan.balamani@anblicks.com,7/31/2023
1,mujtaba@anblicks.com,5/11/2023
1,lalitha.ginjupalli@anblicks.com,7/11/2023
1,fayaz@anblicks.com,7/19/2023
