session_user,department,division,title,last_day_of_work
harika.pedapudi@anblicks.com,"delivery",Hackathon,"jr data engineer",2024-07-04 00:00:00.000000
navya.chalapati@anblicks.com,"delivery",hackathon,"jr data engineer",2040-07-04 00:00:00.000000
amij.patel@anblicks.com,"line of business",project,"chief operation officer",2040-07-04 00:00:00.000000
aayushi.soni@anblicks.com,"operations",project,"manager",2040-07-04 00:00:00.000000
ayeshashaik@anblicks.com,"operations",project,"contractor",2040-07-04 00:00:00.000000
krunal.vyas@anblicks.com,"sales & marketing",project,"sr executive",2040-07-04 00:00:00.000000
dhamodharan.balamani@anblicks.com,"innovations",project,"Data engineer architect", 2040-07-04 00:00:00.000000
avadh.patel@anblicks.com,"delivery",project,"jr devops engineer",2040-07-04 00:00:00.000000
aneneosa.isichei@anblicks.com,"operations",project,"HR Coordinator",2040-07-04 00:00:00.000000
anita.anderson@anblicks.com,"sales & marketing",project,"consultant",2040-07-04 00:00:00.000000
madhu@anblicks.com,"sales & marketing",project,"vice president",2040-07-04 00:00:00.000000
swetha.appisetty@anblicks.com,"delivery",Hackathon,"junior data engineer",2040-07-04 00:00:00.000000
avesh.karre@anblicks.com,"delivery",Hackathon,"associate sr data engineer",2040-07-04 00:00:00.000000
abhishek.singh@anblicks.com,"operations",project,"vice president",2040-07-04 00:00:00.000000
anand.k@anblicks.com,"operations",project,"executive",2040-07-04 00:00:00.000000
saikiran.b@anblicks.com,"sales & marketing",project,"sr executive",2040-07-04 00:00:00.000000
mujtaba@anblicks.com,"operations",project,"associate manager",2040-07-04 00:00:00.000000
fayaz@anblicks.com,"operations",project,"manager",2040-07-04 00:00:00.000000
devisri.desu@anblicks.com,"delivery",project,"junior devops engineer",2040-07-04 00:00:00.000000
dinesh.chalamarthi@anblicks.com,"delivery",project,"sr data engineer",2040-07-04 00:00:00.000000
saiakhil.gollamudi@anblicks.com,"delivery",project,"data engineer",2040-07-04 00:00:00.000000
lalitha.ginjupalli@anblicks.com,"operations",project,"associate manager",2040-07-04 00:00:00.000000
komal.saini@anblicks.com,"sales & marketing",project,"manager",2040-07-04 00:00:00.000000
amit@anblicks.com,"sales & marketing", project, "head(sales)",2040-07-04 00:00:00.000000
reethika.kolusu@anblicks.com,"delivery",Hackathon,"jr data engineer", 2040-07-04 00:00:00.000000
kavyasree.kommaraju@anblicks.com,"delivery",Hackathon,"jr data engineer",2040-07-04 00:00:00.000000
keerthana.medakayala@anblicks.com,"delivery",Hackathon,"jr data engineer",2040-07-04 00:00:00.000000
jyothi.vuyyuru@anblicks.com,"delivery",Hackathon,"jr data engineer",2040-07-04 00:00:00.000000
ganeshkasyap.movva@anblicks.com,"delivery",Hackathon,"jr data engineer",2040-07-04 00:00:00.000000
rohith.velpula@anblicks.com,"delivery",Hackathon,"jr data engineer",2040-07-04 00:00:00.000000
naveen.bandaru@anblicks.com,"delivery",Hackathon,"jr data engineer",2040-07-04 00:00:00.000000
divya.gunde@anblicks.com,"delivery",project,"jr software engineer",2040-07-04 00:00:00.000000
likhitha.sunkara@anblicks.com,"delivery",project,"jr software engineer",2040-07-04 00:00:00.000000
tejaprasad.pampana@anblicks.com,"delivery",project,"associate it engineer",2040-07-04 00:00:00.000000
ashish.vanjarapu@anblicks.com,"delivery",project,"associate quality analyst",2040-07-04 00:00:00.000000
sana.shaik@anblicks.com,"delivery",project,"associate devops engineer",2040-07-04 00:00:00.000000
bhargavi.gogulamudi@anblicks.com,"delivery",project,"associate data engineer",2040-07-04 00:00:00.000000
nishilatha.kaile@anblicks.com,"delivery",project,"jr software engineer",2040-07-04 00:00:00.000000
ashok.pothureddy@anblicks.com,"delivery",project,"sr quality analyst",2040-07-04 00:00:00.000000
nishant.shah@anblicks.com,"delivery",project,"lead software engineer",2040-07-04 00:00:00.000000
devang.patel@anbliks.com,"delivery",project,"sr data engineer",2040-07-04 00:00:00.000000
manoj.kumar@anblicks.com,"delivery",project,"sr data engineer",2040-07-04 00:00:00.000000
gowtham.voruganti@anblicks.com,"delivery",project,"managing director",2040-07-04 00:00:00.000000
swetha.s@anblicks@anblicks.com,"delivery",project,"associate manager",2040-07-04 00:00:00.000000
pranshu.joshi@anblicks.com,"delivery",project,"jr data engineer",2040-07-04 00:00:00.000000
harihara.b@anblicks.com,"delivery",project,"data scientist",2040-07-04 00:00:00.000000
kotapati.saitha@anblicks.com,"delivery",project,"jr data engineer",2040-07-04 00:00:00.000000
rasi.konatham@anblicks.com,"delivery",project,"jr data engineer",2040-07-04 00:00:00.000000
ganesh.kancharla@anblicks.com,"delivery",project,"jr data engineer",2040-07-04 00:00:00.000000